riskParaNum,riskParaDict,unParaFlag,paraValue,exemptFlag,DataDesc,paraValue2
0,CompareType,,>,,,
0,endWorkTime,,150000,,,
0,ExchIdList,,-1,,,
0,InstituTionId,,0001,,,
0,ProductId,,140,,,
0,ProductId,,141,,,
0,RiskHKstkctl,,3,,,
0,riskPositionFlag,,1,,,
0,riskProductCtrl,,1,,,
0,riskStkGroupCrtl,Y,A0,0,股票,
0,totalFlag,,0,,,
1,CompareType,,=,,,
1,ExchIdList,,-1,,,
1,InstituTionId,,100,,,
1,InstituTionId,,888,,,
1,InstituTionId,,999,,,
1,InstituTionId,,apexCdt,,,
1,InstituTionId,,A机构,,,
1,InstituTionId,,BYCS,,,
1,InstituTionId,,B机构,,,
1,InstituTionId,,DEMO,,,
1,InstituTionId,,DSSC,,,
1,InstituTionId,,DSST,,,
1,InstituTionId,,DZCS,,,
1,InstituTionId,,FUT,,,
1,InstituTionId,,haha,,,
1,InstituTionId,,HSCS,,,
1,InstituTionId,,IN_1,,,
1,InstituTionId,,JGJG,,,
1,InstituTionId,,JGJG2,,,
1,InstituTionId,,JGJG3,,,
1,InstituTionId,,KFCS,,,
1,InstituTionId,,NACS,,,
1,InstituTionId,,NAJG,,,
1,InstituTionId,,NBCS,,,
1,InstituTionId,,NBJG,,,
1,InstituTionId,,NCCS,,,
1,InstituTionId,,OTCD,,,
1,InstituTionId,,POC_JG,,,
1,InstituTionId,,TOC,,,
1,ProductAcctNum,,325,,,
1,ProductAcctNum,,363,,,
1,ProductId,,227,,,
1,ProductId,,252,,,
1,ProductId,,26,,,
1,ProductId,,279,,,
1,riskProductCtrl,,2,,,
1,riskStkGroupCrtl,Y,a,0,豆一,
1,totalFlag,,0,,,
1,tradeCheckType,,CBUY,,,
1,tradeCheckType,,CSELL,,,
1,tradeCheckType,,SBUY,,,
1,tradeCheckType,,SSELL,,,
2,bsControl,,0,,,
2,ExchIdList,,-1,,,
2,InstituTionId,,JGJG,,,
2,InstituTionId,,QQZQ,,,
2,OrderQtySumFlag,,2,,,
2,ProductId,,7,,,
2,riskProductCtrl,,1,,,
2,riskStkGroupCrtl,Y,A0,0,股票,
2,StockSTType,,-1,,,
2,totalFlag,,0,,,
2,tradeCheckType,,SBUY,,,
2,tradeCheckType,,SSELL,,,
3,bsControl,,0,,,
3,ExchIdList,,-1,,,
3,InstituTionId,,QQZQ,,,
3,InstituTionId,,ylcs01,,,
3,OrderQtySumFlag,,1,,,
3,ProductId,,48,,,
3,ProductId,,7,,,
3,riskProductCtrl,,1,,,
3,riskStkGroupCrtl,Y,A0,0,股票,
3,riskStkGroupCrtl,Y,A1,0,债券,
3,StockSTType,,-1,,,
3,totalFlag,,0,,,
3,tradeCheckType,,SBUY,,,
3,tradeCheckType,,SSELL,,,
4,bsControl,,0,,,
4,ExchIdList,,-1,,,
4,InstituTionId,,KFCS,,,
4,InstituTionId,,QQZQ,,,
4,OrderQtySumFlag,,1,,,
4,ProductId,,10,,,
4,ProductId,,6,,,
4,ProductId,,7,,,
4,riskProductCtrl,,1,,,
4,riskStkGroupCrtl,Y,A0,0,股票,
4,StockSTType,,-1,,,
4,totalFlag,,1,,,
4,tradeCheckType,,SBUY,,,
4,tradeCheckType,,SSELL,,,
5,InstituTionId,,JGJG,,,
5,ProductAcctNum,,74,,,
5,ProductId,,54,,,
5,riskProductCtrl,,2,,,
5,riskStkGroupCrtl,Y,A0,0,股票,
5,riskStkGroupCrtl,Y,A1,0,债券,
5,riskStkGroupCrtl,Y,F1,0,期货,
5,totalFlag,,0,,,
5,tradeCheckType,,FBO,,,
5,tradeCheckType,,FSO,,,
5,tradeCheckType,,SBUY,,,
6,InstituTionId,,QQZQ,,,
6,ProductId,,7,,,
6,riskProductCtrl,,1,,,
6,riskStkGroupCrtl,Y,0600000,0,浦发银行,
6,riskStkGroupCrtl,Y,0600006,0,东风汽车,
6,totalFlag,,0,,,
6,tradeCheckType,,FBO,,,
6,tradeCheckType,,FSO,,,
6,tradeCheckType,,SBUY,,,
7,CompareType,,>,,,
7,InstituTionId,,JGJG,,,
7,InstituTionId,,ylcs01,,,
7,ProductId,,54,,,
7,riskProductCtrl,,1,,,
7,riskStkGroupCrtl,Y,A0,0,股票,
7,totalFlag,,0,,,
7,tradeCheckType,,SBUY,,,
7,tradeCheckType,,SSELL,,,
8,InstituTionId,,JGJG,,,
8,ProductAcctNum,,73,,,
8,ProductAcctNum,,74,,,
8,ProductId,,54,,,
8,riskProductCtrl,,2,,,
8,riskStkGroupCrtl,Y,A0,0,股票,
8,riskStkGroupCrtl,Y,A1,0,债券,
8,riskStkGroupCrtl,Y,F1,0,期货,
8,totalFlag,,0,,,
8,tradeCheckType,,FBO,,,
8,tradeCheckType,,FSO,,,
8,tradeCheckType,,SBUY,,,
9,InstituTionId,,JGJG,,,
9,ProductAcctNum,,73,,,
9,ProductAcctNum,,74,,,
9,ProductId,,54,,,
9,riskProductCtrl,,2,,,
9,riskStkGroupCrtl,Y,A0,0,股票,
9,riskStkGroupCrtl,Y,F1,0,期货,
9,totalFlag,,0,,,
9,tradeCheckType,,FBO,,,
9,tradeCheckType,,FSO,,,
9,tradeCheckType,,SBUY,,,
10,CompareType,,>,,,
10,ExchIdList,,-1,,,
10,InstituTionId,,ylcs01,,,
10,ProductId,,68,,,
10,riskProductCtrl,,1,,,
10,riskStkGroupCrtl,Y,A0,0,股票,
10,riskStkGroupCrtl,Y,A1,0,债券,
10,riskStkGroupCrtl,Y,A2,0,投资基金,
10,riskStkGroupCrtl,Y,A3,0,场内开基,
10,riskStkGroupCrtl,Y,A4,0,ETF基金,
10,riskStkGroupCrtl,Y,A5,0,权证,
10,riskStkGroupCrtl,Y,A6,0,质押式回购,
10,riskStkGroupCrtl,Y,C0,0,创业板,
10,riskStkGroupCrtl,Y,C1,0,标准券,
10,riskStkGroupCrtl,Y,D1,0,报价回购,
10,riskStkGroupCrtl,Y,D2,0,期权,
10,riskStkGroupCrtl,Y,D5,0,优先股,
10,riskStkGroupCrtl,Y,D7,0,第三方回购,
10,riskStkGroupCrtl,Y,E1,0,沪伦通CDR,
10,riskStkGroupCrtl,Y,E3,0,科创板,
10,riskStkGroupCrtl,Y,F1,0,期货,
10,riskStkGroupCrtl,Y,U1,0,国债回购,
10,riskStkGroupCrtl,Y,U2,0,买断式回购,
10,totalFlag,,0,,,
10,tradeCheckType,,CBUY,,,
10,tradeCheckType,,CSELL,,,
10,tradeCheckType,,FBC,,,
10,tradeCheckType,,FBO,,,
10,tradeCheckType,,FSC,,,
10,tradeCheckType,,FSO,,,
10,tradeCheckType,,NSBUY,,,
10,tradeCheckType,,SBUY,,,
10,tradeCheckType,,SSELL,,,
11,bsControl,,2,,,
11,ExchIdList,,-1,,,
11,InstituTionId,,ylcs01,,,
11,OrderQtySumFlag,,1,,,
11,ProductId,,68,,,
11,riskProductCtrl,,1,,,
11,riskStkGroupCrtl,Y,A0,0,股票,
11,riskStkGroupCrtl,Y,A1,0,债券,
11,riskStkGroupCrtl,Y,A2,0,投资基金,
11,riskStkGroupCrtl,Y,A3,0,场内开基,
11,riskStkGroupCrtl,Y,A4,0,ETF基金,
11,riskStkGroupCrtl,Y,A5,0,权证,
11,riskStkGroupCrtl,Y,A6,0,质押式回购,
11,riskStkGroupCrtl,Y,C0,0,创业板,
11,riskStkGroupCrtl,Y,C1,0,标准券,
11,riskStkGroupCrtl,Y,D1,0,报价回购,
11,riskStkGroupCrtl,Y,D2,0,期权,
11,riskStkGroupCrtl,Y,D5,0,优先股,
11,riskStkGroupCrtl,Y,D7,0,第三方回购,
11,riskStkGroupCrtl,Y,E1,0,沪伦通CDR,
11,riskStkGroupCrtl,Y,E3,0,科创板,
11,riskStkGroupCrtl,Y,F1,0,期货,
11,riskStkGroupCrtl,Y,U1,0,国债回购,
11,riskStkGroupCrtl,Y,U2,0,买断式回购,
11,StockSTType,,-1,,,
11,totalFlag,,0,,,
11,tradeCheckType,,SBUY,,,
11,tradeCheckType,,SSELL,,,
12,InstituTionId,,JGJG,,,
12,ProductAcctNum,,74,,,
12,ProductId,,54,,,
12,riskProductCtrl,,2,,,
12,riskStkGroupCrtl,Y,A0,0,股票,
12,riskStkGroupCrtl,Y,F1,0,期货,
12,totalFlag,,0,,,
12,tradeCheckType,,FBO,,,
12,tradeCheckType,,FSO,,,
12,tradeCheckType,,SBUY,,,
13,ExchIdList,,-1,,,
13,InstituTionId,,JGJG,,,
13,OrderPriceType,,-1,,,
13,ProductAcctNum,,74,,,
13,ProductId,,54,,,
13,RiskHKstkctl,,3,,,
13,riskPositionFlag,,1,,,
13,riskProductCtrl,,2,,,
13,riskStkGroupCrtl,Y,A0,0,股票,
14,CompareType,,>,,,
14,ExchIdList,,-1,,,
14,InstituTionId,,ylcs01,,,
14,ProductId,,68,,,
14,riskProductCtrl,,1,,,
14,riskStkGroupCrtl,Y,A0,0,股票,
14,riskStkGroupCrtl,Y,A1,0,债券,
14,riskStkGroupCrtl,Y,A2,0,投资基金,
14,riskStkGroupCrtl,Y,A3,0,场内开基,
14,riskStkGroupCrtl,Y,A4,0,ETF基金,
14,riskStkGroupCrtl,Y,A5,0,权证,
14,riskStkGroupCrtl,Y,A6,0,质押式回购,
14,riskStkGroupCrtl,Y,C0,0,创业板,
14,riskStkGroupCrtl,Y,C1,0,标准券,
14,riskStkGroupCrtl,Y,D1,0,报价回购,
14,riskStkGroupCrtl,Y,D2,0,期权,
14,riskStkGroupCrtl,Y,D5,0,优先股,
14,riskStkGroupCrtl,Y,D7,0,第三方回购,
14,riskStkGroupCrtl,Y,E1,0,沪伦通CDR,
14,riskStkGroupCrtl,Y,E3,0,科创板,
14,riskStkGroupCrtl,Y,F1,0,期货,
14,riskStkGroupCrtl,Y,U1,0,国债回购,
14,riskStkGroupCrtl,Y,U2,0,买断式回购,
14,totalFlag,,0,,,
14,tradeCheckType,,CBUY,,,
14,tradeCheckType,,CSELL,,,
14,tradeCheckType,,FBC,,,
14,tradeCheckType,,FBO,,,
14,tradeCheckType,,FSC,,,
14,tradeCheckType,,FSO,,,
14,tradeCheckType,,NSBUY,,,
14,tradeCheckType,,SBUY,,,
14,tradeCheckType,,SSELL,,,
15,CompareType,,<,,,
15,ExchIdList,,-1,,,
15,InstituTionId,,JGJG,,,
15,ProductId,,54,,,
15,riskProductCtrl,,1,,,
15,riskStkGroupCrtl,Y,A0,0,股票,
15,totalFlag,,0,,,
15,tradeCheckType,,SBUY,,,
15,tradeCheckType,,SSELL,,,
16,CompareType,,>,,,
16,ExchIdList,,-1,,,
16,InstituTionId,,JGJG,,,
16,InstituTionId,,ylcs01,,,
16,ProductId,,54,,,
16,riskProductCtrl,,1,,,
16,riskStkGroupCrtl,Y,A0,0,股票,
16,riskStkGroupCrtl,Y,A1,0,债券,
16,riskStkGroupCrtl,Y,A2,0,投资基金,
16,riskStkGroupCrtl,Y,A3,0,场内开基,
16,riskStkGroupCrtl,Y,A4,0,ETF基金,
16,riskStkGroupCrtl,Y,A5,0,权证,
16,riskStkGroupCrtl,Y,A6,0,质押式回购,
16,riskStkGroupCrtl,Y,C0,0,创业板,
16,riskStkGroupCrtl,Y,C1,0,标准券,
16,riskStkGroupCrtl,Y,D1,0,报价回购,
16,riskStkGroupCrtl,Y,D2,0,期权,
16,riskStkGroupCrtl,Y,D5,0,优先股,
16,riskStkGroupCrtl,Y,D7,0,第三方回购,
16,riskStkGroupCrtl,Y,E1,0,沪伦通CDR,
16,riskStkGroupCrtl,Y,E3,0,科创板,
16,riskStkGroupCrtl,Y,F1,0,期货,
16,riskStkGroupCrtl,Y,U1,0,国债回购,
16,riskStkGroupCrtl,Y,U2,0,买断式回购,
16,totalFlag,,0,,,
16,tradeCheckType,,CBUY,,,
16,tradeCheckType,,CSELL,,,
16,tradeCheckType,,FBC,,,
16,tradeCheckType,,FBO,,,
16,tradeCheckType,,FSC,,,
16,tradeCheckType,,FSO,,,
16,tradeCheckType,,NSBUY,,,
16,tradeCheckType,,SBUY,,,
16,tradeCheckType,,SSELL,,,
17,bsControl,,1,,,
17,ExchIdList,,-1,,,
17,InstituTionId,,JGJG,,,
17,InstituTionId,,QQZQ,,,
17,OrderQtySumFlag,,1,,,
17,ProductId,,54,,,
17,riskProductCtrl,,1,,,
17,riskStkGroupCrtl,Y,A0,0,股票,
17,StockSTType,,-1,,,
17,totalFlag,,0,,,
17,tradeCheckType,,SSELL,,,
18,bsControl,,2,,,
18,ExchIdList,,-1,,,
18,InstituTionId,,ylcs01,,,
18,OrderQtySumFlag,,1,,,
18,ProductId,,68,,,
18,riskProductCtrl,,1,,,
18,riskStkGroupCrtl,Y,A0,0,股票,
18,riskStkGroupCrtl,Y,A1,0,债券,
18,riskStkGroupCrtl,Y,A2,0,投资基金,
18,riskStkGroupCrtl,Y,A3,0,场内开基,
18,riskStkGroupCrtl,Y,A4,0,ETF基金,
18,riskStkGroupCrtl,Y,A5,0,权证,
18,riskStkGroupCrtl,Y,A6,0,质押式回购,
18,riskStkGroupCrtl,Y,C0,0,创业板,
18,riskStkGroupCrtl,Y,C1,0,标准券,
18,riskStkGroupCrtl,Y,D1,0,报价回购,
18,riskStkGroupCrtl,Y,D2,0,期权,
18,riskStkGroupCrtl,Y,D5,0,优先股,
18,riskStkGroupCrtl,Y,D7,0,第三方回购,
18,riskStkGroupCrtl,Y,E1,0,沪伦通CDR,
18,riskStkGroupCrtl,Y,E3,0,科创板,
18,riskStkGroupCrtl,Y,F1,0,期货,
18,riskStkGroupCrtl,Y,U1,0,国债回购,
18,riskStkGroupCrtl,Y,U2,0,买断式回购,
18,StockSTType,,-1,,,
18,totalFlag,,0,,,
18,tradeCheckType,,CBUY,,,
18,tradeCheckType,,CSELL,,,
18,tradeCheckType,,FBC,,,
18,tradeCheckType,,FBO,,,
18,tradeCheckType,,FSC,,,
18,tradeCheckType,,FSO,,,
18,tradeCheckType,,NSBUY,,,
18,tradeCheckType,,SBUY,,,
18,tradeCheckType,,SSELL,,,
19,bsControl,,2,,,
19,ExchIdList,,-1,,,
19,InstituTionId,,ylcs01,,,
19,OrderQtySumFlag,,1,,,
19,ProductId,,68,,,
19,riskProductCtrl,,1,,,
19,riskStkGroupCrtl,Y,A0,0,股票,
19,riskStkGroupCrtl,Y,A1,0,债券,
19,riskStkGroupCrtl,Y,A2,0,投资基金,
19,riskStkGroupCrtl,Y,A3,0,场内开基,
19,riskStkGroupCrtl,Y,A4,0,ETF基金,
19,riskStkGroupCrtl,Y,A5,0,权证,
19,riskStkGroupCrtl,Y,A6,0,质押式回购,
19,riskStkGroupCrtl,Y,C0,0,创业板,
19,riskStkGroupCrtl,Y,C1,0,标准券,
19,riskStkGroupCrtl,Y,D1,0,报价回购,
19,riskStkGroupCrtl,Y,D2,0,期权,
19,riskStkGroupCrtl,Y,D5,0,优先股,
19,riskStkGroupCrtl,Y,D7,0,第三方回购,
19,riskStkGroupCrtl,Y,E1,0,沪伦通CDR,
19,riskStkGroupCrtl,Y,E3,0,科创板,
19,riskStkGroupCrtl,Y,F1,0,期货,
19,riskStkGroupCrtl,Y,U1,0,国债回购,
19,riskStkGroupCrtl,Y,U2,0,买断式回购,
19,StockSTType,,-1,,,
19,totalFlag,,0,,,
19,tradeCheckType,,CBUY,,,
19,tradeCheckType,,CSELL,,,
19,tradeCheckType,,FBC,,,
19,tradeCheckType,,FBO,,,
19,tradeCheckType,,FSC,,,
19,tradeCheckType,,FSO,,,
19,tradeCheckType,,NSBUY,,,
19,tradeCheckType,,SBUY,,,
19,tradeCheckType,,SSELL,,,
20,bsControl,,2,,,
20,ExchIdList,,-1,,,
20,InstituTionId,,ylcs01,,,
20,OrderQtySumFlag,,1,,,
20,ProductId,,68,,,
20,riskProductCtrl,,1,,,
20,riskStkGroupCrtl,Y,A0,0,股票,
20,riskStkGroupCrtl,Y,A1,0,债券,
20,riskStkGroupCrtl,Y,A2,0,投资基金,
20,riskStkGroupCrtl,Y,A3,0,场内开基,
20,riskStkGroupCrtl,Y,A4,0,ETF基金,
20,riskStkGroupCrtl,Y,A5,0,权证,
20,riskStkGroupCrtl,Y,A6,0,质押式回购,
20,riskStkGroupCrtl,Y,C0,0,创业板,
20,riskStkGroupCrtl,Y,C1,0,标准券,
20,riskStkGroupCrtl,Y,D1,0,报价回购,
20,riskStkGroupCrtl,Y,D2,0,期权,
20,riskStkGroupCrtl,Y,D5,0,优先股,
20,riskStkGroupCrtl,Y,D7,0,第三方回购,
20,riskStkGroupCrtl,Y,E1,0,沪伦通CDR,
20,riskStkGroupCrtl,Y,E3,0,科创板,
20,riskStkGroupCrtl,Y,F1,0,期货,
20,riskStkGroupCrtl,Y,U1,0,国债回购,
20,riskStkGroupCrtl,Y,U2,0,买断式回购,
20,StockSTType,,-1,,,
20,totalFlag,,0,,,
20,tradeCheckType,,CBUY,,,
20,tradeCheckType,,CSELL,,,
20,tradeCheckType,,FBC,,,
20,tradeCheckType,,FBO,,,
20,tradeCheckType,,FSC,,,
20,tradeCheckType,,FSO,,,
20,tradeCheckType,,NSBUY,,,
20,tradeCheckType,,SBUY,,,
20,tradeCheckType,,SSELL,,,
21,bsControl,,2,,,
21,ExchIdList,,-1,,,
21,InstituTionId,,ylcs01,,,
21,OrderQtySumFlag,,1,,,
21,ProductId,,68,,,
21,riskProductCtrl,,1,,,
21,riskStkGroupCrtl,Y,A0,0,股票,
21,riskStkGroupCrtl,Y,A1,0,债券,
21,riskStkGroupCrtl,Y,A2,0,投资基金,
21,riskStkGroupCrtl,Y,A3,0,场内开基,
21,riskStkGroupCrtl,Y,A4,0,ETF基金,
21,riskStkGroupCrtl,Y,A5,0,权证,
21,riskStkGroupCrtl,Y,A6,0,质押式回购,
21,riskStkGroupCrtl,Y,C0,0,创业板,
21,riskStkGroupCrtl,Y,C1,0,标准券,
21,riskStkGroupCrtl,Y,D1,0,报价回购,
21,riskStkGroupCrtl,Y,D2,0,期权,
21,riskStkGroupCrtl,Y,D5,0,优先股,
21,riskStkGroupCrtl,Y,D7,0,第三方回购,
21,riskStkGroupCrtl,Y,E1,0,沪伦通CDR,
21,riskStkGroupCrtl,Y,E3,0,科创板,
21,riskStkGroupCrtl,Y,F1,0,期货,
21,riskStkGroupCrtl,Y,U1,0,国债回购,
21,riskStkGroupCrtl,Y,U2,0,买断式回购,
21,StockSTType,,-1,,,
21,totalFlag,,0,,,
21,tradeCheckType,,CBUY,,,
21,tradeCheckType,,CSELL,,,
21,tradeCheckType,,FBC,,,
21,tradeCheckType,,FBO,,,
21,tradeCheckType,,FSC,,,
21,tradeCheckType,,FSO,,,
21,tradeCheckType,,NSBUY,,,
21,tradeCheckType,,SBUY,,,
21,tradeCheckType,,SSELL,,,
22,beginWorkTime,,083000,,,
22,bsPermit,,2,,,
22,endWorkTime,,230000,,,
22,ExchIdList,,-1,,,
22,InstituTionId,,ylcs01,,,
22,ProductId,,68,,,
22,RiskHKstkctl,,3,,,
22,riskPositionFlag,,1,,,
22,RiskPrice,,1,,,
22,riskProductCtrl,,1,,,
22,riskStkGroupCrtl,Y,A0,0,股票,
22,riskStkGroupCrtl,Y,A1,0,债券,
22,riskStkGroupCrtl,Y,A2,0,投资基金,
22,riskStkGroupCrtl,Y,A3,0,场内开基,
22,riskStkGroupCrtl,Y,A4,0,ETF基金,
22,riskStkGroupCrtl,Y,A5,0,权证,
22,riskStkGroupCrtl,Y,A6,0,质押式回购,
22,riskStkGroupCrtl,Y,C0,0,创业板,
22,riskStkGroupCrtl,Y,C1,0,标准券,
22,riskStkGroupCrtl,Y,D1,0,报价回购,
22,riskStkGroupCrtl,Y,D2,0,期权,
22,riskStkGroupCrtl,Y,D5,0,优先股,
22,riskStkGroupCrtl,Y,D7,0,第三方回购,
22,riskStkGroupCrtl,Y,E1,0,沪伦通CDR,
22,riskStkGroupCrtl,Y,E3,0,科创板,
22,riskStkGroupCrtl,Y,F1,0,期货,
22,riskStkGroupCrtl,Y,U1,0,国债回购,
22,riskStkGroupCrtl,Y,U2,0,买断式回购,
23,beginWorkTime,,083000,,,
23,bsPermit,,2,,,
23,endWorkTime,,230000,,,
23,ExchIdList,,-1,,,
23,InstituTionId,,ylcs01,,,
23,ProductId,,68,,,
23,RiskHKstkctl,,3,,,
23,riskPositionFlag,,1,,,
23,RiskPrice,,1,,,
23,riskProductCtrl,,1,,,
23,riskStkGroupCrtl,Y,A0,0,股票,
23,riskStkGroupCrtl,Y,A1,0,债券,
23,riskStkGroupCrtl,Y,A2,0,投资基金,
23,riskStkGroupCrtl,Y,A3,0,场内开基,
23,riskStkGroupCrtl,Y,A4,0,ETF基金,
23,riskStkGroupCrtl,Y,A5,0,权证,
23,riskStkGroupCrtl,Y,A6,0,质押式回购,
23,riskStkGroupCrtl,Y,C0,0,创业板,
23,riskStkGroupCrtl,Y,C1,0,标准券,
23,riskStkGroupCrtl,Y,D1,0,报价回购,
23,riskStkGroupCrtl,Y,D2,0,期权,
23,riskStkGroupCrtl,Y,D5,0,优先股,
23,riskStkGroupCrtl,Y,D7,0,第三方回购,
23,riskStkGroupCrtl,Y,E1,0,沪伦通CDR,
23,riskStkGroupCrtl,Y,E3,0,科创板,
23,riskStkGroupCrtl,Y,F1,0,期货,
23,riskStkGroupCrtl,Y,U1,0,国债回购,
23,riskStkGroupCrtl,Y,U2,0,买断式回购,
24,ExchIdList,,-1,,,
24,InstituTionId,,ylcs01,,,
24,ProductId,,68,,,
24,riskProductCtrl,,1,,,
24,riskStkGroupCrtl,Y,A0,0,股票,
24,riskStkGroupCrtl,Y,A1,0,债券,
24,riskStkGroupCrtl,Y,A2,0,投资基金,
24,riskStkGroupCrtl,Y,A3,0,场内开基,
24,riskStkGroupCrtl,Y,A4,0,ETF基金,
24,riskStkGroupCrtl,Y,A5,0,权证,
24,riskStkGroupCrtl,Y,A6,0,质押式回购,
24,riskStkGroupCrtl,Y,C0,0,创业板,
24,riskStkGroupCrtl,Y,C1,0,标准券,
24,riskStkGroupCrtl,Y,D1,0,报价回购,
24,riskStkGroupCrtl,Y,D2,0,期权,
24,riskStkGroupCrtl,Y,D5,0,优先股,
24,riskStkGroupCrtl,Y,D7,0,第三方回购,
24,riskStkGroupCrtl,Y,E1,0,沪伦通CDR,
24,riskStkGroupCrtl,Y,E3,0,科创板,
24,riskStkGroupCrtl,Y,F1,0,期货,
24,riskStkGroupCrtl,Y,U1,0,国债回购,
24,riskStkGroupCrtl,Y,U2,0,买断式回购,
24,totalFlag,,0,,,
25,CompareType,,>,,,
25,InstituTionId,,ylcs01,,,
25,ProductId,,68,,,
25,riskProductCtrl,,1,,,
25,riskStkGroupCrtl,Y,A0,0,股票,
25,riskStkGroupCrtl,Y,A1,0,债券,
25,riskStkGroupCrtl,Y,A2,0,投资基金,
25,riskStkGroupCrtl,Y,A3,0,场内开基,
25,riskStkGroupCrtl,Y,A4,0,ETF基金,
25,riskStkGroupCrtl,Y,A5,0,权证,
25,riskStkGroupCrtl,Y,A6,0,质押式回购,
25,riskStkGroupCrtl,Y,C0,0,创业板,
25,riskStkGroupCrtl,Y,C1,0,标准券,
25,riskStkGroupCrtl,Y,D1,0,报价回购,
25,riskStkGroupCrtl,Y,D2,0,期权,
25,riskStkGroupCrtl,Y,D5,0,优先股,
25,riskStkGroupCrtl,Y,D7,0,第三方回购,
25,riskStkGroupCrtl,Y,E1,0,沪伦通CDR,
25,riskStkGroupCrtl,Y,E3,0,科创板,
25,riskStkGroupCrtl,Y,F1,0,期货,
25,riskStkGroupCrtl,Y,U1,0,国债回购,
25,riskStkGroupCrtl,Y,U2,0,买断式回购,
25,totalFlag,,0,,,
25,tradeCheckType,,CBUY,,,
25,tradeCheckType,,CSELL,,,
25,tradeCheckType,,FBC,,,
25,tradeCheckType,,FBO,,,
25,tradeCheckType,,FSC,,,
25,tradeCheckType,,FSO,,,
25,tradeCheckType,,NSBUY,,,
25,tradeCheckType,,SBUY,,,
25,tradeCheckType,,SSELL,,,
26,CompareType,,>,,,
26,ExchIdList,,-1,,,
26,InstituTionId,,A机构,,,
26,ProductId,,33,,,
26,riskProductCtrl,,1,,,
26,riskStkGroupCrtl,Y,A0,0,股票,
26,totalFlag,,0,,,
26,tradeCheckType,,FBO,,,
27,CompareType,,=,,,
27,ExchIdList,,-1,,,
27,InstituTionId,,A机构,,,
27,ProductId,,32,,,
27,riskProductCtrl,,1,,,
27,riskStkGroupCrtl,Y,A0,0,股票,
27,totalFlag,,0,,,
27,tradeCheckType,,FBC,,,
27,tradeCheckType,,FBO,,,
28,ExchIdList,,-1,,,
28,InstituTionId,,QQZQ,,,
28,ProductId,,7,,,
28,riskProductCtrl,,1,,,
28,riskStkGroupCrtl,Y,0600000,0,浦发银行,
28,riskStkGroupCrtl,Y,0600006,0,东风汽车,
28,totalFlag,,0,,,
28,tradeCheckType,,SBUY,,,
28,tradeCheckType,,SSELL,,,
29,CompareType,,<,,,
29,ExchIdList,,-1,,,
29,InstituTionId,,JGJG,,,
29,ProductId,,54,,,
29,riskProductCtrl,,1,,,
29,riskStkGroupCrtl,Y,A0,0,股票,
29,totalFlag,,0,,,
29,tradeCheckType,,SBUY,,,
29,tradeCheckType,,SSELL,,,
30,CompareType,,<,,,
30,ExchIdList,,-1,,,
30,InstituTionId,,JGJG,,,
30,ProductId,,54,,,
30,riskProductCtrl,,1,,,
30,riskStkGroupCrtl,Y,A0,0,股票,
30,totalFlag,,0,,,
30,tradeCheckType,,SBUY,,,
30,tradeCheckType,,SSELL,,,
31,CompareType,,>,,,
31,ExchIdList,,-1,,,
31,InstituTionId,,QQZQ,,,
31,InstituTionId,,TOA,,,
31,ProductId,,24,,,
31,riskProductCtrl,,1,,,
31,riskStkGroupCrtl,Y,0600004,0,白云机场,
31,riskStkGroupCrtl,Y,1000001,0,平安银行,
31,totalFlag,,0,,,
31,tradeCheckType,,CBUY,,,
31,tradeCheckType,,CSELL,,,
31,tradeCheckType,,SBUY,,,
31,tradeCheckType,,SSELL,,,
32,CompareType,,>,,,
32,ExchIdList,,-1,,,
32,InstituTionId,,POC_JG,,,
32,ProductId,,8,,,
32,riskProductCtrl,,1,,,
32,riskStkGroupCrtl,Y,A0,0,股票,
32,totalFlag,,0,,,
32,tradeCheckType,,CBUY,,,
32,tradeCheckType,,CSELL,,,
32,tradeCheckType,,FBC,,,
32,tradeCheckType,,FBO,,,
32,tradeCheckType,,FSC,,,
32,tradeCheckType,,FSO,,,
32,tradeCheckType,,NSBUY,,,
32,tradeCheckType,,SBUY,,,
32,tradeCheckType,,SSELL,,,
33,CompareType,,>,,,
33,ExchIdList,,-1,,,
33,InstituTionId,,JGJG,,,
33,InstituTionId,,JGJG2,,,
33,InstituTionId,,POC_JG,,,
33,InstituTionId,,QH,,,
33,InstituTionId,,TOA,,,
33,InstituTionId,,TOB,,,
33,InstituTionId,,TOC,,,
33,ProductAcctNum,,198,,,
33,ProductAcctNum,,74,,,
33,ProductId,,15,,,
33,ProductId,,54,,,
33,riskProductCtrl,,2,,,
33,riskStkGroupCrtl,Y,F1,0,期货,
33,totalFlag,,0,,,
33,tradeCheckType,,CBUY,,,
33,tradeCheckType,,CSELL,,,
33,tradeCheckType,,FBC,,,
33,tradeCheckType,,FBO,,,
33,tradeCheckType,,FSC,,,
33,tradeCheckType,,FSO,,,
33,tradeCheckType,,SBUY,,,
33,tradeCheckType,,SSELL,,,
34,CompareType,,<,,,
34,InstituTionId,,JGJG,,,
34,ProductId,,54,,,
34,riskProductCtrl,,1,,,
34,riskStkGroupCrtl,Y,A0,0,股票,
34,totalFlag,,0,,,
34,tradeCheckType,,SBUY,,,
34,tradeCheckType,,SSELL,,,
35,bsControl,,0,,,
35,ExchIdList,,-1,,,
35,InstituTionId,,QQZQ,,,
35,OrderQtySumFlag,,1,,,
35,ProductId,,7,,,
35,riskProductCtrl,,1,,,
35,riskStkGroupCrtl,Y,A0,0,股票,
35,StockSTType,,U,,,
35,totalFlag,,0,,,
35,tradeCheckType,,SBUY,,,
35,tradeCheckType,,SSELL,,,
36,CompareType,,>,,,
36,ExchIdList,,-1,,,
36,InstituTionId,,TOC,,,
36,ProductId,,26,,,
36,riskProductCtrl,,1,,,
36,riskStkGroupCrtl,Y,A0,0,股票,
36,totalFlag,,0,,,
36,tradeCheckType,,CBUY,,,
36,tradeCheckType,,CSELL,,,
37,ExchIdList,,-1,,,
37,InstituTionId,,048,,,
37,InstituTionId,,48,,,
37,InstituTionId,,COLO,,,
37,InstituTionId,,JGJG,,,
37,InstituTionId,,QH,,,
37,InstituTionId,,QQZQ,,,
37,InstituTionId,,ylcs01,,,
37,ProductId,,15,,,
37,ProductId,,48,,,
37,ProductId,,61,,,
37,ProductId,,68,,,
37,ProductId,,690,,,
37,ProductId,,691,,,
37,ProductId,,7,,,
37,ProductId,,97,,,
37,riskProductCtrl,,1,,,
37,riskStkGroupCrtl,Y,A0,0,股票,
37,riskStkGroupCrtl,Y,A1,0,债券,
37,totalFlag,,0,,,
37,tradeCheckType,,FBC,,,
37,tradeCheckType,,FBO,,,
37,tradeCheckType,,FSC,,,
37,tradeCheckType,,FSO,,,
37,tradeCheckType,,SBUY,,,
37,tradeCheckType,,SSELL,,,
38,ExchIdList,,-1,,,
38,InstituTionId,,TOC,,,
38,ProductId,,26,,,
38,riskProductCtrl,,1,,,
38,riskStkGroupCrtl,Y,A0,0,股票,
38,totalFlag,,0,,,
38,tradeCheckType,,CBUY,,,
38,tradeCheckType,,CSELL,,,
38,tradeCheckType,,SBUY,,,
38,tradeCheckType,,SSELL,,,
39,bsControl,,0,,,
39,ExchIdList,,-1,,,
39,InstituTionId,,QQZQ,,,
39,OrderQtySumFlag,,2,,,
39,ProductId,,7,,,
39,riskProductCtrl,,1,,,
39,riskStkGroupCrtl,Y,1000858,0,五 粮 液,
39,StockSTType,,-1,,,
39,totalFlag,,0,,,
39,tradeCheckType,,SBUY,,,
40,CompareType,,>,,,
40,endWorkTime,,150000,,,
40,ExchIdList,,-1,,,
40,InstituTionId,,0001,,,
40,ProductId,,140,,,
40,ProductId,,141,,,
40,RiskHKstkctl,,3,,,
40,riskPositionFlag,,1,,,
40,riskProductCtrl,,1,,,
40,riskStkGroupCrtl,Y,A0,0,股票,
40,totalFlag,,0,,,
41,CompareType,,>,,,
41,InstituTionId,,JGJG,,,
41,InstituTionId,,QH,,,
41,ProductAcctNum,,198,,,
41,ProductId,,15,,,
41,ProductId,,54,,,
41,RiskHKstkctl,,3,,,
41,riskProductCtrl,,2,,,
41,riskStkGroupCrtl,Y,F1,0,期货,
41,totalFlag,,0,,,
42,bsControl,,0,,,
42,ExchIdList,,-1,,,
42,InstituTionId,,JGJG,,,
42,InstituTionId,,QH,,,
42,InstituTionId,,ylcs01,,,
42,OrderQtySumFlag,,1,,,
42,ProductId,,48,,,
42,ProductId,,54,,,
42,ProductId,,97,,,
42,riskProductCtrl,,1,,,
42,riskStkGroupCrtl,Y,A0,0,股票,
42,StockSTType,,-1,,,
42,StockSTType,,T,,,
42,totalFlag,,0,,,
42,tradeCheckType,,SBUY,,,
42,tradeCheckType,,SSELL,,,
43,CompareType,,>,,,
43,InstituTionId,,0001,,,
43,ProductId,,141,,,
43,RiskHKstkctl,,3,,,
43,riskProductCtrl,,1,,,
43,riskStkGroupCrtl,Y,A0,0,股票,
43,totalFlag,,0,,,
44,beginWorkTime,,093000,,,
44,bsPermit,,2,,,
44,endWorkTime,,230000,,,
44,ExchIdList,,-1,,,
44,InstituTionId,,JGJG,,,
44,InstituTionId,,QH,,,
44,ProductAcctNum,,198,,,
44,ProductId,,15,,,
44,ProductId,,54,,,
44,RiskHKstkctl,,3,,,
44,riskPositionFlag,,1,,,
44,RiskPrice,,1,,,
44,riskProductCtrl,,2,,,
44,riskStkGroupCrtl,Y,F1,0,期货,
45,CompareType,,>,,,
45,endWorkTime,,150000,,,
45,ExchIdList,,-1,,,
45,InstituTionId,,JGJG,,,
45,InstituTionId,,QH,,,
45,ProductId,,15,,,
45,ProductId,,54,,,
45,RiskHKstkctl,,3,,,
45,riskPositionFlag,,1,,,
45,riskProductCtrl,,1,,,
45,riskStkGroupCrtl,Y,F1,0,期货,
45,totalFlag,,0,,,
46,CompareType,,>,,,
46,InstituTionId,,JGJG,,,
46,InstituTionId,,QH,,,
46,InstituTionId,,SACS,,,
46,InstituTionId,,SAJG,,,
46,InstituTionId,,SBCS,,,
46,InstituTionId,,SBJG,,,
46,InstituTionId,,SCCS,,,
46,InstituTionId,,ZKC,,,
46,ProductId,,15,,,
46,ProductId,,87,,,
46,RiskHKstkctl,,3,,,
46,riskProductCtrl,,1,,,
46,riskStkGroupCrtl,Y,F1,0,期货,
46,totalFlag,,1,,,
47,CompareType,,>,,,
47,endWorkTime,,150000,,,
47,ExchIdList,,-1,,,
47,InstituTionId,,JGJG,,,
47,InstituTionId,,QH,,,
47,InstituTionId,,QQZQ,,,
47,ProductId,,7,,,
47,RiskHKstkctl,,3,,,
47,riskPositionFlag,,1,,,
47,riskProductCtrl,,1,,,
47,riskStkGroupCrtl,Y,A0,0,股票,
47,totalFlag,,0,,,
48,beginWorkTime,,093000,,,
48,bsPermit,,2,,,
48,endWorkTime,,230000,,,
48,ExchIdList,,-1,,,
48,InstituTionId,,QQZQ,,,
48,ProductAcctNum,,7,,,
48,ProductId,,7,,,
48,RiskHKstkctl,,3,,,
48,riskPositionFlag,,1,,,
48,RiskPrice,,1,,,
48,riskProductCtrl,,2,,,
48,riskStkGroupCrtl,Y,A0,0,股票,
49,ExchIdList,,-1,,,
49,InstituTionId,,QQZQ,,,
49,OrderPriceType,,LIMIT,,,
49,ProductAcctNum,,7,,,
49,ProductId,,7,,,
49,RiskHKstkctl,,3,,,
49,riskPositionFlag,,1,,,
49,riskProductCtrl,,2,,,
49,riskStkGroupCrtl,Y,A0,0,股票,
50,CompareType,,>,,,
50,FTRiskPrice,,2,,,
50,InstituTionId,,DSSC,,,
50,ProductId,,20,,,
50,RiskHKstkctl,,3,,,
50,riskProductCtrl,,1,,,
50,riskStkGroupCrtl,Y,F1,0,期货,
50,totalFlag,,0,,,
51,bsControl,,0,,,
51,ExchIdList,,-1,,,
51,InstituTionId,,FIXAC,,,
51,OrderQtySumFlag,,2,,,
51,ProductId,,132,,,
51,riskProductCtrl,,1,,,
51,riskStkGroupCrtl,Y,A0,0,股票,
51,riskStkGroupCrtl,Y,A5,0,权证,
51,StockSTType,,-1,,,
51,totalFlag,,0,,,
51,tradeCheckType,,SBUY,,,
51,tradeCheckType,,SSELL,,,
52,bsControl,,0,,,
52,ExchIdList,,Q,,,
52,InstituTionId,,FIXAC,,,
52,OrderQtySumFlag,,1,,,
52,ProductId,,132,,,
52,riskProductCtrl,,1,,,
52,riskStkGroupCrtl,Y,H00328,0,　　　　　　　　,
52,riskStkGroupCrtl,Y,QAACG,0,ATA CREATIVITY GLOBAL,
52,riskStkGroupCrtl,Y,QAAL,0,AMERICAN AIRLINES GROUP INC,
52,StockSTType,,-1,,,
52,totalFlag,,0,,,
52,tradeCheckType,,SBUY,,,
53,bsControl,,0,,,
53,ExchIdList,,0,,,
53,InstituTionId,,JGJG,,,
53,OrderQtySumFlag,,1,,,
53,ProductId,,54,,,
53,riskProductCtrl,,1,,,
53,riskStkGroupCrtl,Y,A0,0,股票,
53,StockSTType,,-1,,,
53,totalFlag,,0,,,
53,tradeCheckType,,SBUY,,,
54,CompareType,,>,,,
54,ExchIdList,,-1,,,
54,InstituTionId,,0718,,,
54,ProductId,,193,,,
54,riskProductCtrl,,1,,,
54,riskStkGroupCrtl,Y,F1,0,期货,
54,totalFlag,,0,,,
54,tradeCheckType,,FBC,,,
54,tradeCheckType,,FBO,,,
54,tradeCheckType,,FSC,,,
54,tradeCheckType,,FSO,,,
